Date,CL1!
2026-01-02,1.0
2026-01-05,1.0
2026-01-06,1.0
2026-01-07,1.0
2026-01-08,1.0
2026-01-09,1.0
2026-01-12,1.0
2026-01-13,1.0
2026-01-14,1.0
2026-01-15,1.0
2026-01-16,1.0
2026-01-20,1.0
2026-01-21,1.0
2026-01-22,1.0
2026-01-23,1.0
2026-01-26,1.0
2026-01-27,1.0
2026-01-28,1.0
2026-01-29,1.0
2026-01-30,1.0
2026-02-02,1.0
2026-02-03,1.0
2026-02-04,1.0
2026-02-05,1.0
2026-02-06,1.0
2026-02-09,1.0
2026-02-10,1.0
2026-02-11,1.0
2026-02-12,1.0
2026-02-13,1.0
2026-02-17,1.0
2026-02-18,1.0
2026-02-19,1.0
2026-02-20,0.9958002281837876
2026-02-23,0.9946002606833841
2026-02-24,0.9844007658003541
2026-02-25,0.9812509369381948
2026-02-26,0.9781011080760353
2026-02-27,0.9802009939841416
2026-03-02,0.9309296012261341
2026-03-03,0.9744504495785169
2026-03-04,0.9757574640061235
2026-03-05,1.0587477948878738
2026-03-06,1.18800362465102
2026-03-09,1.2385819321254328
2026-03-10,1.0906369327552077
2026-03-11,1.140300489668218
2026-03-12,1.251128592594287
2026-03-13,1.2900751895836509
2026-03-16,1.2219839058335633
2026-03-17,1.2574018231175128
2026-03-18,1.258839459218919
2026-03-19,1.2564869728449088
2026-03-20,1.2849781523918293
2026-03-23,1.1518014787682662
2026-03-24,1.2069541373168995
2026-03-25,1.1565064515162862
2026-03-26,1.1565064515162862
2026-03-27,1.1565064515162862
2026-03-30,1.1565064515162862
2026-03-31,1.1565064515162862
2026-04-01,1.1565064515162862
2026-04-02,1.1565064515162862
2026-04-06,1.150875491358506
2026-04-07,1.1564040476992428
2026-04-08,0.9665879887379908
2026-04-09,0.9908524599251741
2026-04-10,0.9908524599251741
2026-04-13,0.9908524599251741
2026-04-14,0.9908524599251741
2026-04-15,0.9908524599251741
2026-04-16,0.9908524599251741
2026-04-17,0.9908524599251741
2026-04-20,0.9908524599251741
2026-04-21,0.9908524599251741
2026-04-22,0.9908524599251741
2026-04-23,0.9908524599251741
2026-04-24,0.9908524599251741
2026-04-27,0.9908524599251741
2026-04-28,0.9908524599251741
2026-04-29,0.9908524599251741
2026-04-30,0.9545142381337536
2026-05-01,0.9260796045334437
2026-05-04,0.9667783741264265
2026-05-05,0.9290774551558961
2026-05-06,0.8637595486163848
2026-05-07,0.8748427173523133
2026-05-08,0.8748427173523133
2026-05-11,0.8748427173523133
2026-05-12,0.8748427173523133
2026-05-13,0.8748427173523133
2026-05-14,0.8748427173523133
2026-05-15,0.8748427173523133
2026-05-18,0.8967963478421894
2026-05-19,0.8894509123799047
2026-05-20,0.8109627101500375
2026-05-21,0.7951990045470881
2026-05-22,0.8088168518917613
2026-05-26,0.8088168518917613
2026-05-27,0.8088168518917613
2026-05-28,0.8088168518917613
2026-05-29,0.8088168518917613
2026-06-01,0.8088168518917613
2026-06-02,0.8088168518917613
2026-06-03,0.8088168518917613
2026-06-04,0.8088168518917613
2026-06-05,0.8088168518917613
2026-06-08,0.8088168518917613
2026-06-09,0.8088168518917613
2026-06-10,0.8088168518917613
2026-06-11,0.8088168518917613
2026-06-12,0.8088168518917613
2026-06-15,0.8088168518917613
2026-06-16,0.8088168518917613
2026-06-17,0.8088168518917613
2026-06-18,0.8088168518917613
2026-06-22,0.8088168518917613
2026-06-23,0.8088168518917613
2026-06-24,0.8088168518917613
2026-06-25,0.8088168518917613
2026-06-26,0.8088168518917613
2026-06-29,0.8088168518917613
2026-06-30,0.8088168518917613
2026-07-01,0.8088168518917613
2026-07-02,0.8088168518917613
2026-07-06,0.8088168518917613
2026-07-07,0.8088168518917613
2026-07-08,0.8088168518917613
2026-07-09,0.7778455308758135
2026-07-10,0.7706152996303898
2026-07-13,0.843241506157818
2026-07-14,0.8629898234388973
