Date,HKEX:883
2026-01-02,1.0
2026-01-05,1.0
2026-01-06,1.0
2026-01-07,1.0
2026-01-08,1.0
2026-01-09,1.0
2026-01-12,1.0
2026-01-13,1.0
2026-01-14,1.0
2026-01-15,1.0
2026-01-16,1.0
2026-01-19,1.0
2026-01-20,1.0
2026-01-21,1.0
2026-01-22,1.0
2026-01-23,1.0
2026-01-26,1.0
2026-01-27,1.0
2026-01-28,1.0
2026-01-29,1.0
2026-01-30,1.0
2026-02-02,1.0
2026-02-03,1.0
2026-02-04,1.0
2026-02-05,1.0
2026-02-06,1.0
2026-02-09,1.0
2026-02-10,1.0
2026-02-11,1.0
2026-02-12,1.0
2026-02-13,1.0
2026-02-16,1.0
2026-02-20,1.0
2026-02-23,1.0
2026-02-24,1.0
2026-02-25,1.0
2026-02-26,1.0
2026-02-27,1.0
2026-03-02,1.0
2026-03-03,1.0
2026-03-04,1.0
2026-03-05,1.0
2026-03-06,1.0
2026-03-09,1.0
2026-03-10,1.0
2026-03-11,1.0
2026-03-12,1.0
2026-03-13,1.0
2026-03-16,1.0
2026-03-17,1.0
2026-03-18,1.0
2026-03-19,1.0
2026-03-20,1.0
2026-03-23,1.0
2026-03-24,1.0
2026-03-25,1.0
2026-03-26,1.0
2026-03-27,1.0
2026-03-30,1.0
2026-03-31,1.0
2026-04-01,1.0
2026-04-02,1.0
2026-04-08,1.0
2026-04-09,1.0
2026-04-10,1.0
2026-04-13,1.0
2026-04-14,1.0
2026-04-15,1.0
2026-04-16,1.0
2026-04-17,1.0
2026-04-20,1.0
2026-04-21,1.0
2026-04-22,1.0
2026-04-23,1.0
2026-04-24,1.0
2026-04-27,1.0099432062557785
2026-04-28,1.0291193115391857
2026-04-29,1.0433238185886573
2026-04-30,1.0433238185886573
2026-05-04,1.0163352413502476
2026-05-05,1.0142045168373783
2026-05-06,0.9957386299842378
2026-05-07,0.9382101756898774
2026-05-08,0.945312519564742
2026-05-11,0.945312519564742
2026-05-12,0.945312519564742
2026-05-13,0.945312519564742
2026-05-14,0.945312519564742
2026-05-15,0.945312519564742
2026-05-18,0.945312519564742
2026-05-19,0.945312519564742
2026-05-20,0.945312519564742
2026-05-21,0.945312519564742
2026-05-22,0.9501603211217096
2026-05-26,0.9321543888658115
2026-05-27,0.9113782768409262
2026-05-28,0.9058379848008143
2026-05-29,0.914148389112051
2026-06-01,0.9245365126223559
2026-06-02,0.9473902088505848
2026-06-03,0.9439275010138164
2026-06-04,0.9356170292047175
2026-06-05,0.9189962205822441
2026-06-08,0.9370020853402798
2026-06-09,0.9245365126223559
2026-06-10,0.8850618727759291
2026-06-11,0.8747992277917455
2026-06-12,0.8818769186427592
2026-06-15,0.8563973530752622
2026-06-16,0.8344565654354097
2026-06-17,0.8082692172832388
2026-06-18,0.7919905553250522
2026-06-22,0.7856207145565748
2026-06-23,0.7750041782800543
2026-06-24,0.7721731154392213
2026-06-25,0.7509401103840426
2026-06-26,0.7382003613492253
2026-06-29,0.7459857672870505
2026-06-30,0.7190906365502058
2026-07-02,0.7219216993910388
2026-07-03,0.7495246127125572
2026-07-06,0.744570269615565
2026-07-07,0.7466935498717243
2026-07-08,0.770757617767736
2026-07-09,0.7714653328545474
2026-07-10,0.7721731154392213
2026-07-13,0.7877439948127339
2026-07-14,0.8068536521138912
